Network,Domain Name,Updated Date,Creation Date,Registry Expiry Date,Registrar,Registrant Organization,Registrant Country
Network,   Domain Name,   Updated Date,   Creation Date,   Registry Expiry Date,   Registrar
Network,   Domain Name,   Updated Date,   Creation Date,   Registry Expiry Date,   Registrar
Network,   Domain Name,   Updated Date,   Creation Date,   Registry Expiry Date,   Registrar
Network
Network,   Domain Name,   Updated Date,   Creation Date,   Registry Expiry Date,   Registrar
Network
Network,   Domain Name,   Updated Date,   Creation Date,   Registry Expiry Date,   Registrar
Network,Domain Name,Updated Date,Creation Date,Registry Expiry Date,Registrar
Network
Network,Domain Name,Updated Date,Creation Date,Registry Expiry Date,Registrar,Registrant Name,Registrant Organization,Registrant Country
108.170.0.0/18,gleam.io,2022-01-19T00:06:03Z,2013-03-14T04:01:24Z,2023-03-14T04:01:24Z,101domain GRS Limited,REDACTED FOR PRIVACY,Digital Privacy Corporation,US
138.68.16.0/20,rksmb.org,2022-06-02T12:30:26Z,2008-01-22T12:33:31Z,2023-01-22T12:33:31Z,"GoDaddy.com, LLC",REDACTED FOR PRIVACY,"Domains By Proxy, LLC",US
198.54.126.0/24,allen-iverson.org,2022-05-20T17:31:53Z,2022-02-03T19:07:23Z,2024-02-03T19:07:23Z,"CloudFlare, Inc.",REDACTED FOR PRIVACY,DATA REDACTED,RU
Network
Network,   Domain Name,   Updated Date,   Creation Date,   Registry Expiry Date,   Registrar
Network,Domain Name
Network
Network,   Domain Name,   Updated Date,   Creation Date,   Registry Expiry Date,   Registrar
Network,   Domain Name,   Updated Date,   Creation Date,   Registry Expiry Date,   Registrar
Network,   Domain Name,   Updated Date,   Creation Date,   Registry Expiry Date,   Registrar
Network
Network,   Domain Name,   Updated Date,   Creation Date,   Registry Expiry Date,   Registrar
Network,   Domain Name,   Updated Date,   Creation Date,   Registry Expiry Date,   Registrar
Network
Network
Network
Network
Network,   Domain Name,   Updated Date,   Creation Date,   Registry Expiry Date,   Registrar
Network
Network,   Domain Name,   Updated Date,   Creation Date,   Registry Expiry Date,   Registrar
Network
Network
Network
Network
Network
Network
Network
Network,   Domain Name,   Updated Date,   Creation Date,   Registry Expiry Date,   Registrar
Network,   Domain Name,   Updated Date,   Creation Date,   Registry Expiry Date,   Registrar
Network
Network
Network
Network
Network,   Domain Name,   Updated Date,   Creation Date,   Registry Expiry Date,   Registrar
Network,Domain Name,Updated Date,Creation Date,Registry Expiry Date,Registrar,Registrant Name,Registrant Organization,Registrant Country
216.180.224.0/19,playcaa.org,2022-01-13T02:23:16Z,2003-02-12T07:38:25Z,2027-02-12T07:38:25Z,"Network Solutions, LLC",REDACTED FOR PRIVACY,,US
31.170.166.0/23,t15.org,2021-12-17T08:14:52Z,2011-01-16T08:16:48Z,2023-01-16T08:16:48Z,"NameCheap, Inc.",REDACTED FOR PRIVACY,Privacy service provided by Withheld for Privacy ehf,IS
216.120.224.0/19,lcglocal.org,2022-03-15T16:35:03Z,2008-04-08T23:23:01Z,2023-04-08T23:23:01Z,OnlineNIC Inc.,REDACTED FOR PRIVACY,"Living Church of God (International), Inc.",US
78.129.128.0/17,altervista.org,2021-05-03T20:56:35Z,2000-12-22T18:05:39Z,2026-12-22T18:05:39Z,Tucows Domains Inc.,REDACTED FOR PRIVACY,Data Protected,CA
65.98.0.0/17,striveforbalance.ca,2022-04-15T12:24:32Z,2014-04-17T18:39:28Z,2023-04-17T18:39:28Z,"Misk.com Canada, Inc.",REDACTED FOR PRIVACY,REDACTED FOR PRIVACY,REDACTED FOR PRIVACY
85.25.0.0/16,cutt.us,2021-12-21T15:48:37Z,2009-12-30T04:07:19Z,2025-12-29T23:59:59Z,"NameCheap, Inc.",Hasan Alsawadi,www.Top4toP.net,SA
50.118.0.0/17,voyage-cambodge.org,2021-10-18T01:45:22Z,2019-10-17T14:32:06Z,2022-10-17T14:32:06Z,Domraider SAS,REDACTED FOR PRIVACY,DomRaider,FR
166.62.36.0/22,spacegenie.in,2022-09-01T14:42:16Z,2014-09-01T04:40:14Z,2023-09-01T04:40:14Z,"GoDaddy.com, LLC",REDACTED FOR PRIVACY,Magnum Furnitures,IN
158.85.64.0/18,kicx.in,2020-09-27T16:10:45Z,2009-04-21T06:52:24Z,2025-04-21T06:52:24Z,Net 4 India Limited,REDACTED FOR PRIVACY,NA,IN
52.200.0.0/13,fafipa.org,2022-03-11T10:17:07Z,2006-04-06T09:32:30Z,2023-04-06T09:32:30Z,Tucows Domains Inc.,REDACTED FOR PRIVACY,Data Protected,CA
216.219.80.0/20,makeupnithyasri.in,2022-08-27T17:32:31Z,2013-08-27T16:26:50Z,2022-08-27T16:26:50Z,Endurance Digital Domain Technology LLP,REDACTED FOR PRIVACY,Makeup Nithyasri,IN
104.18.48.0/20,turl.ca,2021-10-04T13:29:25Z,2007-10-03T17:37:29Z,2023-10-03T04:00:00Z,"Go Daddy Domains Canada, Inc",REDACTED FOR PRIVACY,REDACTED FOR PRIVACY,REDACTED FOR PRIVACY
217.182.0.0/16,altervista.org,2021-05-03T20:56:35Z,2000-12-22T18:05:39Z,2026-12-22T18:05:39Z,Tucows Domains Inc.,REDACTED FOR PRIVACY,Data Protected,CA
160.153.32.0/19,elevatechurch.info,2021-11-19T13:38:28Z,2017-05-03T01:49:02Z,2023-05-03T01:49:02Z,"GoDaddy.com, LLC",REDACTED FOR PRIVACY,"Domains By Proxy, LLC",US
103.133.215.0/24,kuchkhasbate.info,2022-05-16T18:38:29Z,2022-03-07T00:10:25Z,2023-03-07T00:10:25Z,"Dynadot, LLC",REDACTED FOR PRIVACY,,US
198.54.112.0/20,login-support.email,2022-03-30T13:40:39Z,2022-02-01T12:58:17Z,2023-02-01T12:58:17Z,CSL Computer Service Langenbach GmbH d/b/a Joker.com,REDACTED FOR PRIVACY,ksa,SA
91.239.232.0/24,notarius24.biz,2021-12-28T00:16:00Z,2021-12-23T00:16:00Z,2022-12-23T00:16:00Z,Sav.com LLC,REDACTED FOR PRIVACY,Privacy Protection,US
